START TRANSACTION;
-- seeding users
INSERT INTO person (id, pwd, given_name, surname, email, phone) VALUES
('eee02a6e-df4d-4ad5-a4b5b','nA4pfqy8LDgZueFmKC9sb1t','henry','lucas','tiffanyturner@gmail.com','405.429.7287x406'),
('09711a79-7788-4e33-ba24e','tQzE5aKHjPoUxM23yWR9vnm','beverly','walton','oclark@curtis-yates.org','050-286-9431x9032'),
('cf7852ab-3d86-478d-a95b1','wVmQNEr0JduLf3XtPbBKYp8','jesse','bailey','steinamanda@salazar.com','001-629-231-9959x161'),
('b5bed46a-f4d9-4d75-9ff56','ZudOfgyscxGHaYVmW7L29TB','jodi','williams','paulkaren@hotmail.com','(197)145-8472'),
('8fdc6021-bf18-4444-947ea','KYur7P5GLVJAnzEXqsFbBiw','samuel','moore','zmullen@hotmail.com','1451112041'),
('705267c7-0c26-4066-a3687','9sAz6XvHRpiNB2LdJgUWyCm','catherine','richards','esmith@gmail.com','9024492994'),
('0a53cd32-4456-492c-adcd4','gEU8VzSTNpwYoXBHmLr3j9C','samantha','miller','nholloway@jones-smith.net','+1-956-528-5257x37322'),
('b9263800-4ed2-47e8-9b6dd','atfWKHZcqPYRm7XdosILJbu','jennifer','riley','ischneider@zavala.com','001-139-339-8285'),
('52ce7470-e3e8-4055-85a47','k9A3XLqwmHU2zrbepdcOYv0','dawn','smith','gonzaleskaren@garcia.com','820.879.7232'),
('af1bf2c0-7dfe-45d1-9101b','O9zBvSRWktxDM6NpQwhuLYT','brittany','day','ashley43@long.com','(812)424-9438x5826'),
('a719e880-1bf5-411d-a19ec','MN4HvLXeJ7wFgsoTzRyUp3i','angela','goodman','hayesdaniel@lee.com','973-624-5269x28134'),
('5d71f72f-6ca3-41a0-8d0af','yTJeAV9LGpdRkBzwFQm4cXN','alison','herring','heatherdouglas@wyatt.org','+1-421-864-1765x54339'),
('a0c35ba8-0b7a-40bd-b7611','Bz3kVJ7gpmUAqsRf6YnxOcH','diane','peterson','johnmorris@carter.com','(768)163-8347x602'),
('951a4b49-665b-4313-954af','zdSRjmwGVPCfLTqn9koY7A4','rachel','carrillo','adamsmatthew@gmail.com','124-640-7795x78456'),
('8909e580-418c-4f8c-9af61','JdXZyUhn9aYpkMBEo3FRtVG','charles','day','rruiz@wallace-edwards.com','+1-040-356-0050x23461'),
('a7860b3b-884b-45b9-9ee74','WNyFgBHKjvz3xRoPTUc96Aq','tammy','mcclain','gperry@yahoo.com','001-729-424-2744x24065'),
('db6ed6d6-0d6c-4e84-9c258','H74PWoKxFzNEqCvyt0JGibd','sarah','martin','victoria06@yahoo.com','001-300-835-4762x3734'),
('f09b9292-6c2b-4890-82e30','qybkR5sL9WjDZGHf2UxMOav','michael','contreras','christypearson@hotmail.com','877-636-3530x046'),
('2388fb1a-e807-48a1-b00e8','AijxNdo7cZ1PYlKrmFXQhUE','heather','davis','cevans@yahoo.com','001-720-798-5217x821'),
('559dfe3d-9d8d-487a-88cc6','LvRJqCyWfnZbHMO87TeKdi0','leslie','williams','cynthiakent@yahoo.com','631.607.5682x0921'),
('1b9a58e3-c280-43ce-9b76f','UwB34jNTxozqsYpCgKFX7mL','anthony','coleman','stevenspencer@gmail.com','(693)418-5526x445'),
('54b386b0-36e6-4cf0-9ed97','Md9tXPnbYoLRFwSc7AV2gTK','anthony','brown','cody01@diaz.biz','3185174400'),
('e7c4d699-cc8d-4f18-9ff00','VRZAEpl9U3gCKXntFbMdqYj','jeffrey','allen','imiller@gmail.com','955-076-6789'),
('f022a682-9a74-43eb-91994','cjKAGbhzXwEN5qvJYOtL1us','william','daniel','sethlara@yahoo.com','+1-433-257-8941x923'),
('fc6bf92f-a773-4c50-b7ace','pQm8TRJgo7ZkCFXUWaN9hLs','patrick','moore','martinmoore@williams.com','969.448.9435'),
('630fa31b-9507-4521-a9bee','FYTbnxgZCJRM4sq9pXHAdlo','michael','flores','ydyer@hernandez.com','785-364-3283x3723'),
('8df59a23-7e69-4622-b5508','ks0M7fLAiNOBYuPwqtgxErT','zachary','young','suttonanne@yahoo.com','930.450.6410'),
('5472eac3-6624-4522-a8a83','WxFUyhtCgqEpiJRAmLZb7Ko','andrew','mitchell','zoliver@king.net','5808015815'),
('7c2fa93b-32ff-41ff-9eeea','CNEXLf0ZRbA7msdoPwQUgKc','elizabeth','craig','brandon72@wiley-woodward.org','959.360.0683x603'),
('e3598e5a-f6f3-4dfe-a843f','fbCwnQLmHgPj3XsYvOruTkN','nicholas','burch','dean50@hotmail.com','232-212-7884'),
('0f1e7a07-1612-40a8-a956f','MStLUJqdKHynxBoZfcTgRvw','jennifer','burke','frances86@monroe.com','+1-122-334-9193x945'),
('6466772f-3afa-4607-812f1','FYPwEmxnOBThUzJzCgKLoa9','melanie','henderson','lweber@wade.com','+1-229-235-4183x7479'),
('993c6a33-b6cc-475d-a0e7c','tKHuPJRCYxdqAwmnZOFsEgL','jenna','bridges','martincaitlyn@smith-hudson.com','+1-376-881-4517'),
('7b6272fc-af97-4852-81b32','ATJfuKgXbvZmsCyPLoNR9qe','joseph','taylor','donnacalderon@gmail.com','700-501-6853x2160'),
('d579702a-ed59-4ded-b4c66','myPBokAuYjEqvnZRXfLwC93','connie','chang','howardmichael@smith.com','+1-682-583-3308x200'),
('2362a233-3953-4f52-a1bf8','nHJ3faW2KLvuzr79YgXbqMA','ronald','stewart','schmidtthomas@yahoo.com','+1-210-976-5766x5180'),
('75bfe171-d5c3-4a1c-a75ae','xW9VCKo7dLup3AMyqTzbHFg','john','johnson','sarah09@gmail.com','043.042.0261x55488'),
('b553b303-71ec-45e4-9c827','oRUaVNjEybxzqFLH9GkP73s','stephanie','jones','kirstensanchez@hotmail.com','(968)980-6515'),
('9334f5b4-7196-4ff2-9d821','gzChMqaYvT3PoUXJrFlKwd8','sheila','smith','sandersjoshua@hotmail.com','(201)561-7997'),
('490d9675-db90-4585-a13d7','YB5qAKCh7rJxvFD9LnzUpgt','christopher','phillips','rogersjason@yahoo.com','001-320-341-9019x2664');

-- seeding trainers
INSERT INTO person (id, pwd, given_name, surname, email, phone) VALUES
('1ec077dc-1ae7-40a2-b1ab0','kU1a5sMfRzbTxwn2KpYO','christina','byrd','ryang@gmail.com','001-740-226-7495x80874'),
('19bd81cc-f509-47c8-a057a','Lo4EfNz5GmRqtWyduPhZ','dawn','hart','mendozaheather@gmail.com','+1-640-656-9729x312'),
('0874b0ea-b404-4083-a728c','Jz7LkWiMtbQfRVxocEsu','amanda','powers','ericjackson@hotmail.com','859-420-0728x37930'),
('6b07d3cc-84a4-4f10-b9fde','PhU0tXYKvwMeazNs1JoV','james','hood','rhondaadams@yahoo.com','+1-446-981-2329x6239'),
('d3205fbd-ce63-42d5-a417a','cTNQkwJp03Lxbyvd7iHM','eric','ingram','cassandra99@evans-case.com','001-141-260-9525x637'),
('81e512ae-53a3-49ec-bf4d0','ZohKy0EMCixNu5fr1Tdp','shawn','fitzgerald','matthewramirez@kim.com','001-468-554-5954'),
('a5f8589f-53ec-43cd-a33de','nHKR1qVG7dfbZUJEMyOs','sarah','mckay','caitlin83@yahoo.com','(610)416-7656'),
('e492a2bf-1970-4cbf-ac216','sP7FxyIqOebGVlu6AjRh','anthony','ross','michaelblack@nguyen.com','+1-856-311-2527'),
('b9eec053-5020-4e23-aa61d','mCGDNsRb0uPkfVq5YhEx','daniel','escobar','qwalker@yahoo.com','298.457.4039'),
('6001a91b-5bcb-4e33-a7546','Xue8YkS0JvBQ1HMiPLrN','michael','marks','john27@hotmail.com','004-661-4749x8179');

INSERT INTO trainer (person_id, city) VALUES
('1ec077dc-1ae7-40a2-b1ab0','berlin'),
('19bd81cc-f509-47c8-a057a','barcelona'),
('0874b0ea-b404-4083-a728c','amsterdam'),
('6b07d3cc-84a4-4f10-b9fde','stockholm'),
('d3205fbd-ce63-42d5-a417a','vienna'),
('81e512ae-53a3-49ec-bf4d0','lisbon'),
('a5f8589f-53ec-43cd-a33de','paris'),
('e492a2bf-1970-4cbf-ac216','rome'),
('b9eec053-5020-4e23-aa61d','dublin'),
('6001a91b-5bcb-4e33-a7546','copenhagen');

INSERT INTO discipline (`name`) VALUES
('crossfit'),
('yoga'),
('pilates'),
('hiit'),
('bodybuilding'),
('zumba'),
('martial arts'),
('strength training'),
('cardio kickboxing'),
('spinning');
COMMIT;
